record_id	pdb_id	receptor_seq	peptide_seq	peptide_len	resolution	affinity_value	affinity_type	pKd	source	structure_path	peptide_chain	receptor_chains	deposit_year	notes
PA_5WQD_H	5WQD	GAGEARLEEAVNRWVLKFYFHEALRAFRGSRYGDFRQIRDIMQALLVRPLGKEHTVSRLLRVMQCLSRIEEGENLDCSFDMEAELTPLESAINVLEMIKTEFTLTEAVVESSRKLVKEAAVIICIKNKEFEKASKILKKHMSKDPTTQKLRNDLLNIIREKNLAHPVIQNFSYETFQQKMLRFLESHLDDAEPYLLTMAKKALK	KMRIPNYQLSPTKLPS	16	3.0		pKd	4.769551	pepbench_ppi_ba+rcsb_seq_search	full_pdbs/5WQD.pdb	H	G		receptor_window_overlap=1.200
PA_2LSK_B	2LSK	GNLAGAVEFNDVKTLLREWITTISDPMEEDILQVVKYCTDLIEEKDLEKLDLVIKYMKRLMQQSVESVWNMAFDFILDNVQVVLQQTYGSTLKVT	QSTGTEPFFKQKSLLL	16			pKd	4.886057	pepbench_ppi_ba+rcsb_seq_search	full_pdbs/2LSK.pdb	B	A		receptor_window_overlap=1.500
PA_1LB7_A	1LB7	GPETLCGAELVDALQFVCGDRGFYFNKPTGYGSSSRRAPQTGIVDECCFRSCDLRRLEMYCAPLKPAKSA	RNCFESVAALRRCMYG	16			pKd	5.142668	pepbench_ppi_ba+rcsb_seq_search	full_pdbs/1LB7.pdb	A	A		receptor_window_overlap=2.000
PA_2KOH_B	2KOH	GSDGTREFLTFEVPLNDSGSAGLGVSVKGNRSKENHADLGIFVKSIINGGAASKDGRLRVNDQLIAVNGESLLGKANQEAMETLRRSMSTEGNKRGMIQLIVARRISRCNE	MLAELYGSDPQEELII	16			pKd	5.221849	pepbench_ppi_ba+rcsb_seq_search	full_pdbs/2KOH.pdb	B	A		receptor_window_overlap=1.500
PA_3K48_R	3K48	GSKKHSVLHLVPVNITSKADSDVTEVMWQPVLRRGRGLEAQGDIVRVWDTGIYLLYSQVLFHDVTFTMGQVVSREGQGRRETLFRCIRSMPSDPDRAYNSCYSAGVFHLHQGDIITVKIPRANAKLSLSPHGTFLGFVKL	SGWCDPRWYDPFMCEH	16	2.8		pKd	6.310000	pepbench_ppi_ba+rcsb_seq_search	full_pdbs/3K48.pdb	R	D		receptor_window_overlap=1.333
PA_2FLU_P	2FLU	GSSHHHHHHSSGLVPRGSHAPKVGRLIYTAGGYFRQSLSYLEAYNPSDGTWLRLADLQVPRSGLAGCVVGGLLYAVGGRNNSPDGNTDSSALDCYNPMTNQWSPCAPMSVPRNRIGVGVIDGHIYAVGGSHGCIHHNSVERYEPERDEWHLVAPMLTRRIGVGVAVLNRLLYAVGGFDGTNRLNSAECYYPERNEWRMITAMNTIRSGAGVCVLHNCIYAAGGYDGQDQLNSVERYDVETETWTFVAPMKHRRSALGITVHQGRIYVLGGYDGHTFLDSVECYDPDTDTWSEVTRMTSGRSGVGVAVT	AFFAQLQLDEETGEFL	16	1.5		pKd	7.698970	pepbench_ppi_ba+rcsb_seq_search	full_pdbs/2FLU.pdb	P	X		receptor_window_overlap=1.111
PA_3NFL_E	3NFL	GSSPEKPTPNGGIPHDNLVLIRMKPDENGRFGFNVKGGYDQKMPVIVSRVAPGTPADLCVPRLNEGDQVVLINGRDIAEHTHDQVVLFIKASCERHSGELMLLVRPN	SNRRVYKKMPSIESDV	16	1.91		pKd	4.376751	pepbench_ppi_ba+rcsb_seq_search	full_pdbs/3NFL.pdb	E	D		receptor_window_overlap=1.500
PA_2GPH_B	2GPH	HHHHHHMAAAAAAGPEMVRGQVFDVGPRYTNLSYIGEGAYGMVCSAYDNLNKVRVAIKKISPFEHQTYCQRTLREIKILLRFRHENIIGINDIIRAPTIEQMKDVYIVQDLMETDLYKLLKCQHLSNDHICYFLYQILRGLKYIHSANVLHRDLKPSNLLLNTTCDLKICDFGLARVADPDHDHTGFLTEYVATRWYRAPEIMLNSKGYTKSIDIWSVGCILAEMLSNRPIFPGKHYLDQLNHILGILGSPSQEDLNCIINLKARNYLLSLPHKNKVPWNRLFPNADSKALDLLDKMLTFNPHKRIEVEQALAHPYLEQYYDPSDEPIAEAPFKFDMELDDLPKEKLKELIFEETARFQPGYRS	RLQERRGSNVALMLDC	16	1.9		pKd	5.301030	pepbench_ppi_ba+rcsb_seq_search	full_pdbs/2GPH.pdb	B	A		receptor_window_overlap=1.091
PA_4U2W_B	4U2W	IVGGYTCGANTVPYQVSLNSGYHFCGGSLINSQWVVSAAHCYKSGIQVRLGEDNINVVEGNEQFISASKSIVHPSYNSNTLNNDIMLIKLKSAASLNSRVASISLPTSCASAGTQCLISGWGNTKSSGTSYPDVLKCLKAPILSDSSCKSAYPGQITSNMFCAGYLEGGKDSCQGDSGGPVVCSGKLQGIVSWGSGCAQKNKPGVYTKVCNYVSWIKQTIASN	IGCWTKSIPPRPCFVK	16	1.0		pKd	6.000000	pepbench_ppi_ba+rcsb_seq_search	full_pdbs/4U2W.pdb	B	A		receptor_window_overlap=1.167
PA_2KYM_B	2KYM	MAPLFAVTLYEFKAERDDELDVSPGENLSICAHYDYEWFIAKPINRLGGPGLVPVSYVRIIDLMDPAKYASVDTYDREQVMKIIDEFKIPTVEQWKDQTRRYKESSIQIGNGHGQSQGLE	GKFIPSRPAPKPPSSA	16			pKd	6.698970	pepbench_ppi_ba+rcsb_seq_search	full_pdbs/2KYM.pdb	B	A		receptor_window_overlap=0.000
PA_5V6Y_E	5V6Y	MAKIEEGKLVIWINGDKGYNGLAEVGKKFEKDTGIKVTVEHPDKLEEKFPQVAATGDGPDIIFWAHDRFGGYAQSGLLAEITPDKAFQDKLYPFTWDAVRYNGKLIAYPIAVEALSLIYNKDLLPNPPKTWEEIPALDKELKAKGKSALMFNLQEPYFTWPLIAADGGYAFKYENGKYDIKDVGVDNAGAKAGLTFLVDLIKNKHMNADTDYSIAEAAFNKGETAMTINGPWAWSNIDTSKVNYGVTVLPTFKGQPSKPFVGVLSAGINAASPNKELAKEFLENYLLTDEGLEAVNKDKPLGAVALKSYEEELAKDPRIAATMENAQKGEIMPNIPQMSAFWYAVRTAVINAASGRQTVDEALKDAQTNAAAEFTTACQEANYGALLRELCLTQFQVDMEAVGETLWCDWGRTIRSYRELADCTWHMAEKLGCFWPNAEVDRFFLAVHGRYFRSCPISGRAVGSAGSAGSAEDSIQLGVTRNKIMTAQYECYQKIMQDPIQQAEGVYCNRTWDGWLCWNDVAAGTESMQLCPDYFQDFDPSEKVTKICDQDGNWFRHPASNRTWTNYTQCNVNTHEKVKTALNLFYLHHHHHH	DKDNVAPRWLISPWGF	16	2.8		pKd	8.469800	pepbench_ppi_ba+rcsb_seq_search	full_pdbs/5V6Y.pdb	E	D		receptor_window_overlap=1.083
PA_4TZN_C	4TZN	MAPLENNYNESLNKSKDAIDDKTWSKLFPSIVSDPDRSSNFMIRAIYVVFSAVLRQRNILEKEYFSKNYITENLSCMTLSFKNLRAHQIAQLLRAAGDATKDGFLKEISLVVTEHDGDVEAIEVFSMKFIYFENGGVVARLSTDNNDQEDPHFAELAQLRYEGAESVRDQMVTIVRSVQFLCTKVLEPLPAEFTANFRLKYTNDAPSNFRIDGFDDSSTFYTLPDGIQSVTIGHLRPGHHAAHMQCWSKSMSD	AMRYGQSPNMPSRRGN	16	3.12		pKd	6.522879	pepbench_ppi_ba+rcsb_seq_search	full_pdbs/4TZN.pdb	C	B		receptor_window_overlap=1.143
PA_4TZM_C	4TZM	MAPLENNYNESLNKSKDAIDDKTWSKLFPSIVSDPDRSSNFMIRAIYVVFSAVLRQRNILEKEYFSKNYITENLSCMTLSFKNLRAHQIAQLLRAAGDATKDGFLKEISLVVTEHDGDVEAIEVFSMKFIYFENGGVVARLSTDNNDQEDPHFAELAQLRYEGAESVRDQMVTIVRSVQFLCTKVLEPLPAEFTANFRLKYTNDAPSNFRIDGFDDSSTFYTLPDGIQSVTIGHLRPGHHAAHMQCWSKSMSD	TARYGVSNTSINRKKP	16	2.3		pKd	6.698970	pepbench_ppi_ba+rcsb_seq_search	full_pdbs/4TZM.pdb	C	B		receptor_window_overlap=1.143
PA_5FOS_C	5FOS	MATIGRISTGSKSLDKLLGGGIETQAITEVFGEFGSGKTQLAHTLAVMVQLPPEEGGLNGSVMWIDTENTFRPERIREIAQNRGLDPDEVLKHIAYARAFNSNHQMLLVQQAEDMIKELLNTDRPVKLLIVDSLTSHFRSEYIGRGALAERQQKLAKHLADLHRLANLYDIAVFVTNQVQANGGHILAHSATLRVYLRKGKGGKRIARLIDAPHLPEGEAVFSITEKGIED	NLGTFMRADEYLKKRA	16	1.35		pKd	5.744727	pepbench_ppi_ba+rcsb_seq_search	full_pdbs/5FOS.pdb	C	A		receptor_window_overlap=1.167
PA_5IY4_B	5IY4	MFEARLVQGSILKKVLEALKDLINEACWDISSSGVNLQSMDSSHVSLVQLTLRSEGFDTYRCDRNLAMGVNLTSMSKILKCAGNEDIITLRAEDNADTLALVFEAPNQEKVSDYEMKLMDLDVEQLGIPEQEYSCVVKMPSGEFARICRDLSHIGDAVVISCAKDGVKFSASGELGNGNIKLSQTSNVDKEEEAVTIEMNEPVQLTFALRYLNFFTKATPLSSTVTLSMSADVPLVVEYKIADMGHLKYYLAPKIEDEEGSLEHHHHHHH	SNSHQNVLSNYFPRVS	16	2.95		pKd	4.808270	pepbench_ppi_ba+rcsb_seq_search	full_pdbs/5IY4.pdb	B	E		receptor_window_overlap=1.125
PA_5LY3_B	5LY3	MGVISDAYRLKYTFGVDFGTSYVKYGPITLNEPKMVQTRGLFLRDLPESVKMRIPPDVLARGLVVGDEEVRKYLSSVRDVQRNLKYPLKDGVARRDDEEAWRVLKELARYTLAQFPVSDPEFAGWLVAVALSALAPDYMYKAIFDIYDELASEFKIYAVTILPQPLAVAIAENAVNCVIVEGGHGNIQVAPISFALIREGLVALNRGGAEANAITREILKDIGYSDIAREEYAVEVVKRAVGLVPRRLKEAIRAAKSDPDRFVTKVRLSPVVEVEIPREYAWTRFLIGEIVFDPNHEEIKSYIEQSRLRIENAVIGDVTLYGEMDVASAIITSLRNVSVEIQERVASQIILSGGAFSWRVPPGMEDVAADSVTRVKIALEEKSPALASKVEVRLVSEPQYSVWRGAVIYGYALPLSLEWSDTTREGWRFPRR	GGIGENEWVKILRSKR	16	1.6		pKd	7.508638	pepbench_ppi_ba+rcsb_seq_search	full_pdbs/5LY3.pdb	B	A		receptor_window_overlap=1.083
PA_6TYT_C	6TYT	MHHHHHHMARAAKSAVVLCMDVGLAMSHSNQGKESPFEQAKKVMMLFLQRQVFAESKDEIAVVLYGTDTTDNALAREDQYENISVHRHLMLPDFDLLEQIENVVEPGSVQADFLDALIVSMDLLQKETLGKKYTRLHIAVFSDLSSPFSVDQLEVIIANLKKAEITLQFFLPFSVDEGSGPGKGLSDQQKEGIEMVRKIMFSLDGEEGLSEVFTFRDALERLSIFKKIERR	LAERKRILPTWMLAEH	16	2.4		pKd	6.882729	pepbench_ppi_ba+rcsb_seq_search	full_pdbs/6TYT.pdb	C	A		receptor_window_overlap=1.167
PA_4A2A_C	4A2A	MIDLSKTVFYTSIDIGSRYIKGLVLGKRDQEWEALAFSSVKSRGLDEGEIKDAIAFKESVNTLLKELEEQLQKSLRSDFVISFSSVSFEREDTVIERDFGEEKRSITLDILSEMQSEALEKLKENGKTPLHIFSKRYLLDDERIVFNPLDMKASKIAIEYTSIVVPLKVYEMFYNFLQDTVKSPFQLKSSLVSTAEGVLTTPEKDRGVVVVNLGYNFTGLIAYKNGVPIKISYVPVGMKHVIKDVSAVLDTSFEESERLIITHGNAVYNDLKEEEIQYRGLDGNTIKTTTAKKLSVIIHARLREIMSKSKKFFREVEAKIVEEGEIGIPGGVVLTGGGAKIPRINELATEVFKSPVRTGCYANSDRPSIINADEVANDPSFAAAFGNVFAVSENPYEETPVKSENPLKKIFRLFKELME	EGDIPAIYRYGLEGLL	16	1.8		pKd	4.346787	pepbench_ppi_ba+rcsb_seq_search	full_pdbs/4A2A.pdb	C	B		receptor_window_overlap=1.083
PA_4ODN_B	4ODN	MKVGQDKVVTIRYTLQVEGEVLDQGELSYLHGHRNLIPGLEEALEGREEGEAFQAHVPAEKAYGPHDPEGVQVVPLSAFPEDAEVVPGAQFYAQDMEGNPMPLTVVAVEGEEVTVDFNHPLAGKDLDFQVEVVKVREATPEELLHGHAHPSGHHHHHH	KMKPFIFGARNKVHIY	16	1.6		pKd	6.737549	pepbench_ppi_ba+rcsb_seq_search	full_pdbs/4ODN.pdb	B	A		receptor_window_overlap=1.250
PA_2IVZ_E	2IVZ	MMKQALRVAFGFLILWASVLHAEVRIVIDSGVDSGRPIGVVPFQWAGPGAAPEDIGGIVAADLRNSGKFNPLDRARLPQQPGSAQEVQPAAWSALGIDAVVVGQVTPNPDGSYNVAYQLVDTGGAPGTVLAQNSYKVNKQWLRYAGHTASDEVFEKLTGIKGAFRTRIAYVVQTNGGQFPYELRVSDYDGYNQFVVHRSPQPLMSPAWSPDGSKLAYVTFESGRSALVIQTLANGAVRQVASFPRHNGAPAFSPDGSKLAFALSKTGSLNLYVMDLASGQIRQVTDGRSNNTEPTWFPDSQNLAFTSDQAGRPQVYKVNINGGAPQRITWEGSQNQDADVSSDGKFMVMVSSNGGQQHIAKQDLATGGVQVLSSTFLDETPSLAPNGTMVIYSSSQGMGSVLNLVSTDGRFKARLPATDGQVKFPAWSPYLLEHHHHHH	GASDGSGWSSENNPWG	16	2.0		pKd	6.036212	pepbench_ppi_ba+rcsb_seq_search	full_pdbs/2IVZ.pdb	E	D		receptor_window_overlap=1.083
PA_1J19_B	1J19	MPKPINVRVTTMDAELEFAIQPNTTGKQLFDQVVKTVGLREVWFFGLQYVDSKGYSTWLKLNKKVTQQDVKKENPLQFKFRAKFFPEDVSEELIQEITQRLFFLQVKEAILNDEIYCPPETAVLLASYAVQAKYGDYNKEIHKPGYLANDRLLPQRVLEQHKLTKEQWEERIQNWHEEHRGMLREDSMMEYLKIAQDLEMYGVNYFEIKNKKGTELWLGVDALGLNIYEHDDKLTPKIGFPWSEIRNISFNDKKFVIKPIDKKAPDFVFYAPRLRINKRILALCMGNHELYMRRRKPDTIEVQQMKAQARVDSSGAA	RRRTGTYGVLAAWRRL	16	2.4		pKd	7.785156	pepbench_ppi_ba+rcsb_seq_search	full_pdbs/1J19.pdb	B	A		receptor_window_overlap=1.111
PA_1BXL_B	1BXL	MSMAMSQSNRELVVDFLSYKLSQKGYSWSQFSDVEENRTEAPEGTESEMETPSAINGNPSWHLADSPAVNGATGHSSSLDAREVIPMAAVKQALREAGDEFELRYRRAFSDLTSQLHITPGTAYQSFEQVVNELFRDGVNWGRIVAFFSFGGALCVESVDKEMQVLVSRIAAWMATYLNDHLEPWIQENGGWDTFVELYGNNAAAESRKGQERLEHHHHHH	GQVGRQLAIIGDDINR	16			pKd	6.468521	pepbench_ppi_ba+rcsb_seq_search	full_pdbs/1BXL.pdb	B	A		receptor_window_overlap=1.167
PA_2LP8_B	2LP8	MSQSNRELVVDFLSYKLSQKGYSWSQFSDVEENRTEAPEGTESEAVKQALREAGDEFELRYRRAFSDLTSQLHITPGTAYQSFEQVVNELFRDGVNWGRIVAFFSFGGALCVESVDKEMQVLVSRIAAWMATYLNDHLEPWIQENGGWDTFVELYGNNAAAESRKGQERLEHHHHHHLEHHHHHH	GCVGRALAAFGDCINR	16			pKd	7.515700	pepbench_ppi_ba+rcsb_seq_search	full_pdbs/2LP8.pdb	B	A		receptor_window_overlap=1.200
PA_3ZQI_C	3ZQI	MSRLDKSKVINSALELLNEVGIEGLTTRKLAQKLGVEQPTLYWHVKNKRALLDALAIEMLDRHHTHFSPLEGESWQDFLRNNAKSFRNALLSHRDGAKVHLGTRPTEKQYETLENQLAFLTQQGFSLENALYALSAVGHFTLGSVLEDQEHQVAKEERETPTTDSMPPLLRQAIELFDHQGAEPAFLHGLESLIRGFEVQLTALLQIV	DDSVLAARARMWMWHW	16	1.5		pKd	7.193820	pepbench_ppi_ba+rcsb_seq_search	full_pdbs/3ZQI.pdb	C	B		receptor_window_overlap=1.200
PA_2N1G_B	2N1G	NLAGAVEFNDVKTLLREWITTISDPMEEDILQVVKYCTDLIEEKDLEKLDLVIKYMKRLMQQSVESVWNMAFDFILDNVQVVLQQTYGSTLKVT	KGNMMSNFFGKAAMNK	16			pKd	5.638272	pepbench_ppi_ba+rcsb_seq_search	full_pdbs/2N1G.pdb	B	A		receptor_window_overlap=1.500
PA_2MPS_B	2MPS	NTNMSVPTDGAVTTSQIPASEQETLVRPKPLLLKLLKSVGAQKDTYTMKEVLFYLGQYIMTKRLYDEKQQHIVYCSNDLLGDLFGVPSFSVKEHRKIYTMIYRNLVV	DGGTTFEHLWSSLEPD	16			pKd	5.408935	pepbench_ppi_ba+rcsb_seq_search	full_pdbs/2MPS.pdb	B	A		receptor_window_overlap=1.500
PA_2BR8_F	2BR8	QANLMRLKSDLFNRSPMYPGPTKDDPLTVTLGFTLQDIVKVDSSTNEVDLVYYEQQRWKLNSLMWDPNEYGNITDFRTSAADIWTPDITAYSSTRPVQVLSPQIAVVTHDGSVMFIPAQRLSFMCDPTGVDSEEGVTCAVKFGSWVYSGFEIDLKTDTDQVDLSSYYASSKYEILSATQTRQVQHYSCCPEPYIDVNLVVKFRERRAGNGFFRNLFD	GCCSLPPCALNNPKYC	16	2.4		pKd	7.486782	pepbench_ppi_ba+rcsb_seq_search	full_pdbs/2BR8.pdb	F	E		receptor_window_overlap=1.167
PA_2UZ6_K	2UZ6	QANLMRLKSDLFNRSPMYPGPTKDDPLTVTLGFTLQDIVKVDSSTNEVDLVYYEQQRWKLNSLMWDPNEYGNITDFRTSAADIWTPDITAYSSTRPVQVLSPQIAVVTHDGSVMFIPAQRLSFMCDPTGVDSEEGVTCAVKFGSWVYSGFEIDLKTDTDQVDLSSYYASSKYEILSATQTRQVQHYSCCPEPYIDVNLVVKFRERRAGNGFFRNLFD	GCCSRPPCILNNPDLC	16	2.4		pKd	8.769551	pepbench_ppi_ba+rcsb_seq_search	full_pdbs/2UZ6.pdb	K	J		receptor_window_overlap=1.167
PA_1G1E_A	1G1E	SLQNNQPVEFNHAINYVNKIKNRFQGQPDIYKAFLEILHTYQKEQRNAKEAGGNYTPALTEQEVYAQVARLFKNQEDLLSEFGQFLPDA	RMNIQMLLEAADYLER	16			pKd	6.410799	pepbench_ppi_ba+rcsb_seq_search	full_pdbs/1G1E.pdb	A	B		receptor_window_overlap=2.000
PA_5WBL_T	5WBL	SVDMALGDLMVSRFSQSSVSLVSNHRYDEDCVSSHDDGDSRRKDSEAKSSSSYGNGTTEGAATATSMAYLPQTIVLCELRHDASEASAPLGTSEIVLVPKWRLKERMKTGCVALVLCLNITVDPPDVIKISPCARIEAWIDPFSMAPPKALETIGKNLSTQYERWQPRARYKVQLDPTVDEVRKLCLTCRKYAKTERVLFHYNGHGVPKPTANGEIWVFNKSYTQYIPLPISELDSWLKTPSIYVFDCSAARMILNAFAELHDWGSSGSSGSSRDCILLAACDVHETLPQSVEFPADVFTSCLTTPIKMALKWFCRRSLLKEIIDESLIDRIPGRQNDRKTLLGELNWIFTAVTDTIAWNVLPHELFQRLFRQDLLVASLFRNFLLAERIMRSANCNPISHPMLPPTHQHHMWDAWDMAAEICLSQLPQLVLDPSTEFQPSPFFTEQLTAFEVWLDHGSEHKKPPEQLPIVLQVLLSQCHRFRALVLLGRFLDMGSWAVDLALSVGIFPYVLKLLQTTTNELRQILVFIWTKILALDKSCQIDLVKDGGHTYFIRFLDSSGAFPEQRAMAAFVLAVIVDGHRRGQEACLEANLIGVCLGHLEASRPSDPQPEPLFLQWLCLCLGKLWEDFMEAQIMGREANAFEKLAPLLSEPQPEVRAAAVFALGTLLDIGFDSNKSVVEDEFDDDEKIRAEDAIIKSLLDVVSDGSPLVRAEVAVALARFAFGHKQHLKLAAASYWKPQSSSLLTSLPSIAKFHDPGSATIVSLHMSPLTRASTDSQPVARESRISSSPLGSSGLMQGSPLSDDSSLHSDSGMMHDSVSNGAVHQPRLLDNAVYSQCVRAMFALAKDPSPRIASLGRRVLSIIGIEQVVAKPSKPTGRPGEAADSGLADPLLGASGSERSLLPLSTIYGWSCGHFSKPLLGGADASQEIAAKREEKEKFALEHIAKCQHSSISKLNNNPIANWDTRFETGTKTALLHPFSPIVVAADENERIRVWNYEEATLLNGFDNHDFPDKGISKLCLINELDDSLLLVASCDGSVRIWKNYATKGKQKLVTGFSSIQGHKPGARDLNAVVDWQQQSGYLYASGETSTVTLWDLEKEQLVRSVPSESECGVTALSASQVHGGQLAAGFADGSLRLYDVRSPEPLVCATRPHQKVERVVGLSFQPGLDPAKVVSASQAGDIQFLDLRTTRDTYLTIDAHRGSLTALAVHRHAPIIASGSAKQLIKVFSLQGEQLGIIRYYPSFMAQKIGSVSCLTFHPYQVLLAAGAADSFVSIYTHDNSQAR	DNGGLFVMDEDATLQD	16	3.35		pKd	6.443697	pepbench_ppi_ba+rcsb_seq_search	full_pdbs/5WBL.pdb	T	A		receptor_window_overlap=1.083
PA_1UTI_D	1UTI	VRWARALYDFEALEEDELGFRSGEVVEVLDSSNPSWWTGRLHNKLGLFPANYVAPMMR	GQPPLVPPRKEKMRGK	16	1.5		pKd	5.619789	pepbench_ppi_ba+rcsb_seq_search	full_pdbs/1UTI.pdb	D	A		receptor_window_overlap=1.000
PA_4ESG_C	4ESG	ATQSKPTPVKPNYALKFTLAGHTKAVSSVKFSPNGEWLASSSADKLIKIWGAYDGKFEKTISGHKLGISDVAWSSDSNLLVSASDDKTLKIWDVSSGKCLKTLKGHSNYVFCCNFNPQSNLIVSGSFDESVRIWDVKTGKCLKTLPAHSDPVSAVHFNRDGSLIVSSSYDGLCRIWDTASGQCLKTLIDDDNPPVSFVKFSPNGKYILAATLDNTLKLWDYSKGKCLKTYTGHKNEKYCIFANFSVTGGKWIVSGSEDNLVYIWNLQTKEIVQKLQGHTDVVISTACHPTENIIASAALENDKTIKLWKSDC	EPPLNPHGSARAEVHLR	17	1.7		pKd	5.558776	pepbench_ppi_ba+rcsb_seq_search	full_pdbs/4ESG.pdb	C	B		receptor_window_overlap=1.111
PA_2N3K_B	2N3K	GAIAMESEEEDKCKPMSYEEKRQLSLDINKLPGEKLGRVVHIIQSREPSLKNSNPDEIEIDFETLKPSTLRELERYVTSCLRKKTR	TWRVQRSQNPLKIRLTR	17			pKd	6.798603	pepbench_ppi_ba+rcsb_seq_search	full_pdbs/2N3K.pdb	B	A		receptor_window_overlap=2.000
PA_1YBO_C	1YBO	GAMDPREVILCKDQDGKIGLRLKSIDNGIFVQLVQANSPASLVGLRFGDQVLQINGENCAGWSSDKAHKVLKQAFGEKITMTIRDRPFERTITMHKDSTGHVGFIFKNGKITSIVKDSSAARNGLLTEHNICEINGQNVIGLKDSQIADILSTSGTVVTITIMPAF	LGKKPIYKKAPTNEFYA	17	2.3		pKd	3.795880	pepbench_ppi_ba+rcsb_seq_search	full_pdbs/1YBO.pdb	C	B		receptor_window_overlap=1.250
PA_4J2C_B	4J2C	GAMEDPFFVVKGEVQKAVNTAQGLFQRWTELLQDPSTATREEIDWTTNELRNNLRSIEWDLEDLDETISIVEANPRKFNLDATELSIRKAFITSTRQVVRDMKDQMSTSS	AHGMLKLYYGLSEGEAA	17	1.8		pKd	5.251812	pepbench_ppi_ba+rcsb_seq_search	full_pdbs/4J2C.pdb	B	C		receptor_window_overlap=1.500
PA_3V30_B	3V30	GDSLSIHQLAAQGELDQLKEHLRKGDNLVNKPDERGFTPLIWASAFGEIETVRFLLEWGADPHILAKERESALSLASTGGYTDIVGLLLERDVDINIYDWNGGTPLLYAVRGNHVKCVEALLARGADLTTEADSGYTPMDLAVALGYRKVQQVIENHILKLFQSNLVPADPE	KTLVSMPPLPGLDLKGS	17	1.57		pKd	3.735182	pepbench_ppi_ba+rcsb_seq_search	full_pdbs/3V30.pdb	B	A		receptor_window_overlap=1.250
PA_3KTR_B	3KTR	GPLGSPLTASMLASAPPQEQKQMLGERLFPLIQAMHPTLAGKITGMLLEIDNSELLHMLESPESLRSKVDEAVAVLQAHQAKEAAQKA	STLNPNAKEFNPRSFSQ	17	1.7		pKd	6.154902	pepbench_ppi_ba+rcsb_seq_search	full_pdbs/3KTR.pdb	B	A		receptor_window_overlap=2.000
PA_5I22_B	5I22	GRLDLPPGFMFKVQAQHDYTATDTDELQLKAGDVVLVIPFQNPEEQDEGWLMGVKESDWNQHKELEKCRGVFPENFTERVP	STVPVAPPRRRRGRNLT	17			pKd	7.619789	pepbench_ppi_ba+rcsb_seq_search	full_pdbs/5I22.pdb	B	A		receptor_window_overlap=2.000
PA_4WJQ_B	4WJQ	GSKEGEYIKLKVIGQDSSEIHFKVKMTTHLKKLKESYAQRQGVPMNSLRFLFEGQRIADNHTPKELGMEEEDVIEVYQEQTGG	GSGEAEERIIVLSDSDY	17	1.35		pKd	5.538896	pepbench_ppi_ba+rcsb_seq_search	full_pdbs/4WJQ.pdb	B	C		receptor_window_overlap=2.000
PA_4LG6_B	4LG6	GSTTPLLANSLSVHQLAAQGEMLYLATRIEQENVINHTDEEGFTPLMWAAAHGQIAVVEFLLQNGADPQLLGKGRESALSLACSKGYTDIVKMLLDCGVDVNEYDWNGGTPLLYAVHGNHVKCVKMLLESGADPTIETDSGYNSMDLAVALGYRSVQQVIESHLLKLLQNIKE	RAFWHTPRLPTLPKRVP	17	1.8		pKd	6.744727	pepbench_ppi_ba+rcsb_seq_search	full_pdbs/4LG6.pdb	B	A		receptor_window_overlap=1.250
PA_3QN7_B	3QN7	IIGGEFTTIENQPWFAAIYRRHRGGSVTYVCGGSLISPCWVISATHCFIDYPKKEDYIVYLGRSRLNSNTQGEMKFEVENLILHKDYSADTLAHHNDIALLKIRSKEGRCAQPSRTIQTIALPSMYNDPQFGTSCEITGFGKEQSTDYLYPEQLKMTVVKLISHRECQQPHYYGSEVTTKMLCAADPQWKTDSCQGDSGGPLVCSLQGRMTLTGIVSWGRGCALKDKPGVYTRVSHFLPWIRSHTKEENGLAL	ACSRYEVDCRGRGSACG	17	1.9		pKd	6.804100	pepbench_ppi_ba+rcsb_seq_search	full_pdbs/3QN7.pdb	B	A		receptor_window_overlap=1.143
PA_5T90_F	5T90	LDRADILYNIRQTSRPDVIPTQRDRPVAVSVSLKFINILEVNEITNEVDVVFWQQTTWSDRTLAWNSSHSPDQVSVPISSLWVPDLAAYNAISKPEVLTPQLARVVSDGEVLYMPSIRQRFSCDVSGVDTESGATCRIKIGSWTHHSREISVDPTTENSDDSEYFSQYSRFEILDVTQKKNSVTYSCCPEAYEDVEVSLNFRKKGRSEIL	SGCCSNPACRVNNPNIC	17	2.8		pKd	6.677781	pepbench_ppi_ba+rcsb_seq_search	full_pdbs/5T90.pdb	F	E		receptor_window_overlap=1.167
PA_4TZQ_B	4TZQ	MAPLETIYDESLNKSADSIDDKKWSKLFPRIVSDPDRSSNFMTRAIYVAFSAVLRNRNILGQEYFTKNYITEKLKCMTLCFRNLRSNQIAQLLRNAGDATKDGFLKEVSLVITNNEGDLEAIEVFSMKFIYFENGGVVARLSTDKNGQEDPHFAKLAQLVYEGGDSVRDQMVTIVRSVQFLCTKVLEPLPEEFTANFRLEYTNDAPSNFRIDGFEDSSTFYTLPDDIQSATIGHLRPGCHAANMECWSMLMSD	STARYGVSNTSINRKKP	17	2.3		pKd	6.522879	pepbench_ppi_ba+rcsb_seq_search	full_pdbs/4TZQ.pdb	B	C		receptor_window_overlap=1.143
PA_1F47_A	1F47	MDKPKRKEAVIIMNVAAHHGSELNGELLLNSIQQAGFIFGDMNIYHRHLSPDGSGPALFSLANMVKPGTFDPEMKDFTTPGVTIFMQVPSYGDELQLFKLMLQSAQHIADEVGGVVLDDQRRMMTPQKLREYQDIIREVKDANA	KEPDYLDIPAFLRKQAD	17	1.95		pKd	4.665546	pepbench_ppi_ba+rcsb_seq_search	full_pdbs/1F47.pdb	A	B		receptor_window_overlap=1.333
PA_5HOG_D	5HOG	MGSSHHHHHHSQDPENLYFQGTGKFRYMPFSPAGTPFGFTDRRYLTMNEVGYVSTVKNSEQYSITVSFFDVGRFREYHFEDLFGYDLCFLNEKGTLFGQSKTGQIQYRPHDSIHSNWTKIIPLQAGERITSVAATPVRVIVGTSLGYFRSFNQFGVPFAVEKTSPIVALTAQNYRVFSVHYSQFHGLSYSLSELGTSSKRYYKRECPLPMSLPNINSDMKKDANLDYYNFNPMGIKSLFFSSYGDPCIFGSDNTLLLLSKWRSPEESKWLPILDSNMEIWKMSGGKETTDIHVWPLALAYDTLNCILVKGKHIWPEFPLPLPSEMEIRMPVFVKSKLLEENKAILNKKNEIGADTEAEEGEEDKEIQIPVSMAAEEEYLRSKVLSELLTDTLENDGEMYGNENEVLAALNGAYDKALLRLFASACSDQNVEKALSLAHELKQDRALTAAVKISERAELPSLVKKINNIREARYEQQLK	SLRNIDDILDDIEGDLT	17	3.09		pKd	3.638272	pepbench_ppi_ba+rcsb_seq_search	full_pdbs/5HOG.pdb	D	C		receptor_window_overlap=1.083
PA_6E49_D	6E49	MGSSHHHHHHSQDPMLEAKFEEASLFKRIIDGFKDCVQLVNFQCKEDGIIAQAVDDSRVLLVSLEIGVEAFQEYRCDHPVTLGMDLTSLSKILRCGNNTDTLTLIADNTPDSIILLFEDTKKDRIAEYSLKLMDIDADFLKIEELQYDSTLSLPSSEFSKIVRDLSQLSDSINIMITKETIKFVADGDIGSGSVIIKPFVDMEHPETSIKLEMDQPVDLTFGAKYLLDIIKGSSLSDRVGIRLSSEAPALFQFDLKSGFLQFFLAPKFNDEE	NGIAAMLQRHSRKRFQL	17	2.9		pKd	4.721246	pepbench_ppi_ba+rcsb_seq_search	full_pdbs/6E49.pdb	D	C		receptor_window_overlap=1.125
PA_4KMD_B	4KMD	MGSSHHHHHHSSGLVPRGSHMAELRPSGAPGPTAPPAPGPTAPPAFASLFPPGLHAIYGECRRLYPDQPNPLQVTAIVKYWLGGPDPLDYVSMYRNVGSPSANIPEHWHYISFGLSDLYGDNRVHEFTGTDGPSGFGFELTFRLKRETGESAPPTWPAELMQGLARYVFQSENTFCSGDHVSWHSPLDNSESRIQHMLLTEDPQMQPVQTPFGVVTFLQIVGVCTEELHSAQQWNGQGILELLRTVPIAGGPWLITDMRRGETIFEIDPHLQERVDKGIETDGSNLSGVSAKCAWDDLSRPPEDDSLESDSSTAIIPHELIRTRQLESVHLKFNQESGALIPLCLRGRLLHGRHFTYKSITGDMAITFVSTGVEGAFATEEHPYAAHGPWLQILLTEEFVEKMLEDLEDLTSPEEFKLPKEYSWPEKKLKVSILPDVVFDSPLH	SRCTSPGGSYGHLSIGT	17	1.7		pKd	5.413413	pepbench_ppi_ba+rcsb_seq_search	full_pdbs/4KMD.pdb	B	A		receptor_window_overlap=1.083
PA_4QQI_X	4QQI	MHHHHHHSSGRENLYFQGSTTPLLANSLSVHQLAAQGEMLYLATRIEQENVINHTDEEGFTPLMWAAAHGQIAVVEFLLQNGADPQLLGKGRESALSLACSKGYTDIVKMLLDCGVDVNEYDWNGGTPLLYAVHGNHVKCVKMLLESGADPTIETDSGYNSMDLAVALGYRSVQQVIESHLLKLLQNIKE	KAFVHMPTLPNLDFHKT	17	2.03		pKd	5.522879	pepbench_ppi_ba+rcsb_seq_search	full_pdbs/4QQI.pdb	X	A		receptor_window_overlap=1.200
PA_4BLB_E	4BLB	MKTEEGKLVIWINGDKGYNGLAEVGKKFEKDTGIKVTVEHPDKLEEKFPQVAATGDGPDIIFWAHDRFGGYAQSGLLAEITPDKAFQDKLYPFTWDAVRYNGKLIAYPIAVEALSLIYNKDLLPNPPKTWEEIPALDKELKAKGKSALMFNLQEPYFTWPLIAADGGYAFKYENGKYDIKDVGVDNAGAKAGLTFLVDLIKNKHMNADTDYSIAEHAFNHGETAMTINGPWAWSNIDTSKVNYGVTVLPTFKGQPSKPFVGVLSAGINAASPNKELAKEFLENYLLTDEGLEAVNKDKPLGAVALKSYEEELAKDPRIAATMENAQKGEIMPNIPQMSAFWYAVRTAVINAASGRQTVDAALAAAQTNAAAPGLHAIYGECRRLYPDQPNPLQVTAIVKYDSFGPDPLDYVSMYRNVGSPSANIPEHWHYISFGLSDLYGDNRVHEFTGTDGPSGFGFELTFRLKRETGESAPPTWPAELMQGLARYVFQSENTFCSGDHVSWHSPLDNSESRIQHMLLTEDPQMQPVQTPFGVVTFLQIVGVCTEELHSAQQWNGQGILELLRTVPIAGGPWLITDMRRGETIFEIDPHLQERVDKGIETDGSNLSGVSAKCAWDDLPSRGEDPIRTRQLESVHLKFNQESGALIPLCLRGRLLHGRHFTYKSITGDMAITFVSTGVEGAFATEEHPYAAHGPWLQILLTEEFVEKMLEDLEDLTSAALPKEYSWPEKKLKVSILPDVVFDSPLVEHHHHHH	TSPGGSYGHLSIGTMSP	17	2.8		pKd	5.349692	pepbench_ppi_ba+rcsb_seq_search	full_pdbs/4BLB.pdb	E	D		receptor_window_overlap=1.083
PA_2N9X_B	2N9X	MPSEKTFKQRRTFEQRVEDVRLIREQHPTKIPVIIERYKGEKQLPVLDKTKFLVPDHVNMSELIKIIRRRLQLNANQAFFLLVNGHSMVSVSTPISEVYESEKDEDGFLYMVYASQETFG	DYESDDDSYEVLDLTEY	17			pKd	6.397940	pepbench_ppi_ba+rcsb_seq_search	full_pdbs/2N9X.pdb	B	A		receptor_window_overlap=1.333
PA_2NM1_B	2NM1	SEILNNIILNLRYKDNNLIDLSGYGAKVEVYDGVELNDKNQFKLTSSANSKIRVTQNQNIIFNSVFLDFSVSFWIRIPKYKNDGIQNYIHNEYTIINCMKNNSGWKISIRGNRIIWTLIDINGKTKSVFFEYNIREDISEYINRWFFVTITNNLNNAKIYINGKLESNTDIKDIREVIANGEIIFKLDGDIDRTQFIWMKYFSIFNTELSQSNIEERYKIQSYSEYLKDFWGNPLMYNKEYYMFNAGNKNSYIKLKKDSPVGEILTRSKYNQNSKYINYRDLYIGEKFIIRRKSNSQSINDDIVRKEDYIYLDFFNLNQEWRVYTYKYFKKEEEKLFLAPISDSDEFYNTIQIKEYDEQPTYSCQLLFKKDEESTDEIGLIGIHRFYESGIVFEEYKDYFCISKWYLKEVKRKPYNLKLGCNWQFIPKDEGWTEPP	EDMFAKLKDKFFNEINK	17	2.15		pKd	7.468521	pepbench_ppi_ba+rcsb_seq_search	full_pdbs/2NM1.pdb	B	A		receptor_window_overlap=1.083
PA_6GZL_B	6GZL	SMCDRKAVIKNADMSEEMQQDSVECATQALEKYNIEKDIAAHIKKEFDKKYNPTWHCIVGRNFGSYVTHETKHFIYFYLGQVAILLFKSG	KRPTKDSYTLTEELAEY	17	1.95		pKd	5.136677	pepbench_ppi_ba+rcsb_seq_search	full_pdbs/6GZL.pdb	B	A		receptor_window_overlap=1.500
PA_6A6W_B	6A6W	STENEKSRSLPAERNPLYKDDTLDHTPLIPKCRAQVIEFPDGPATFVRLKCTNPESKVPHFLMRMAKDSSISATSMFRSAFPKATQEEEDLEMRWIRDNLNPIEDKRVAGLWVPPADALALAKDYSMTPFINALLEASST	GPLSDNEEFENVVKNGH	17	2.6		pKd	5.431798	pepbench_ppi_ba+rcsb_seq_search	full_pdbs/6A6W.pdb	B	A		receptor_window_overlap=1.333
PA_1JYC_P	1JYC	ADTIVAVELDTYPNTDIGDPSYPHIGIDIKSVRSKKTAKWNMQNGKVGTAHIIYNSVDKRLSAVVSYPNADSATVSYDVDLDNVLPEWVRVGLSASTGLYKETNTILSWSFTSKLKSNSTHETNALHFMFNQFSKDQKDLILQGDATTGTDGNLELTRVSSNGSPQGSSVGRALFYAPVHIWESSAVVASFEATFTFLIKSPDSHPADGIAFFISNIDSSIPSGSTGRLLGLFPDAN	RVWYPYGSYLTASGS	15	2.75		pKd	4.337242	pepbench_ppi_ba+rcsb_seq_search	full_pdbs/1JYC.pdb	P	D		receptor_window_overlap=1.167
PA_3WSY_C	3WSY	EQPEPIKVYGQVSLNDSHNQMVVHWAGEKSNVIVALARDSLALARPKSSDVYVSYDYGKSFKKISDKLNFGLGNRSEAVIAQFYHSPADNKRYIFADAYAQYLWITFDFCNTLQGFSIPFRAADLLLHSKASNLLLGFDRSHPNKQLWKSDDFGQTWIMIQEHVKSFSWGIDPYDKPNTIYIERHEPSGYSTVFRSTDFFQSRENQEVILEEVRDFQLRDKYMFATKVVHLLGSEQQSSVQLWVSFGRKPMRAAQFVTRHPINEYYIADASEDQVFVCVSHSNNRTNLYISEAEGLKFSLSLENVLYYSPGGAGSDTLVRYFANEPFADFHRVEGLQGVYIATLINGSMNEENMRSVITFDKGGTWEFLQAPAFTGYGEKINCELSQGCSLHLAQRLSQLLNLQLRRMPILSKESAPGLIIATGSVGKNLASKTNVYISSSAGARWREALPGPHYYTWGDHGGIITAIAQGMETNELKYSTNEGETWKTFIFSEKPVFVYGLLTEPGEKSTVFTIFGSNKENVHSWLILQVNATDALGVPCTENDYKLWSPSDERGNECLLGHKTVFKRRTPHATCFNGEDFDRPVVVSNCSCTREDYECDFGFKMSEDLSLEVCVPDPEFSGKSYSPPVPCPVGSTYRRTRGYRKISGDTCSGGDVEARLEGELVPCPSRLENLYFQ	LPQDRGFLVVQGDPR	15	3.11		pKd	6.355561	pepbench_ppi_ba+rcsb_seq_search	full_pdbs/3WSY.pdb	C	A		receptor_window_overlap=1.083
PA_2M41_A	2M41	GAMAPPTLPPYFMKGSIIQLANGELKKVEDLKTEDFIQSAEISNDLKIDSSTVERIEDSHSPGVAVIQFAVGEHRAQVSVEVLVEYPFFVFGQGWSSCCPERTSQLFDLPCSKLSVGDVCISLTLK	VFPWHSLVPFLAPSQ	15			pKd	5.096910	pepbench_ppi_ba+rcsb_seq_search	full_pdbs/2M41.pdb	A	B		receptor_window_overlap=1.333
PA_4RRV_B	4RRV	GAMDGTAAEPRPGAGSLQHAQPPPQPRKKRPEDFKFGKILGEGSFSTVVLARELATSREYAIKILEKRHIIKENKVPYVTRERDVMSRLDHPFFVKLYFTFQDDEKLYFGLSYAKNGELLKYIRKIGSFDETCTRFYTAEIVSALEYLHGKGIIHRDLKPENILLNEDMHIQITDFGTAKVLSPESKQARANFVGTAQYVSPELLTEKSACKSSDLWALGCIIYQLVAGLPPFRAGNEGLIFAKIIKLEYDFPEKFFPKARDLVEKLLVLDATKRLGCEEMEGYGPLKAHPFFESVTWENLHQQTPPKLT	EEQEMFRDFDYIADW	15	1.41		pKd	7.397940	pepbench_ppi_ba+rcsb_seq_search	full_pdbs/4RRV.pdb	B	A		receptor_window_overlap=1.000
PA_5VB9_C	5VB9	GDKNFPRTVMVNLNIHNRNTNTNPKRSSDYYDRSTSPWNLHRNEDPERYPSVIWEAKCRHLGCINADGNVDYHMNSVPIQQEILVLRREPPHSPNSFRLEKILVSVGCTCVTPIVHHVA	CWVLEYDMFGALHCR	15	1.7		pKd	5.886057	pepbench_ppi_ba+rcsb_seq_search	full_pdbs/5VB9.pdb	C	B		receptor_window_overlap=1.500
PA_6HOL_C	6HOL	GPTMGSMKFQYKEDHPFEYRKKEGEKIRKKYPDRVPVIVEKAPKARVPDLDKRKYLVPSDLTVGQFYFLIRKRIHLRPEDALFFFVNNTIPPTSATMGQLYEDNHEEDYFLYVAYSDESVYGK	TDLGTDWENLPSPRF	15	1.4		pKd	5.721246	pepbench_ppi_ba+rcsb_seq_search	full_pdbs/6HOL.pdb	C	B		receptor_window_overlap=1.333
PA_2K00_B	2K00	GVSFFLVKEKMKGKNKLVPRLLGITKECVMRVDEKTKEVIQEWSLTNIKRWAASPKSFTLDFGDYQDGYYSVQTTEGEQIAQLIAGYIDIIL	GRSKESGWVENEIYY	15			pKd	4.619789	pepbench_ppi_ba+rcsb_seq_search	full_pdbs/2K00.pdb	B	A		receptor_window_overlap=1.500
PA_2BBA_P	2BBA	HHHHHEETLLNTKLETADLKWVTFPQVDGQWEELSGLDEEQHSVRTYEVCDVQRAPGQAHWLRTGWVPRRGAVHVYATLRFTMLECLSLPRAGRSCKETFTVFYYESDADTATALTPAWMENPYIKVDTVAAEHLTRKRPGAEATGKVNVKTLRLGPLSKAGFYLAFQDQGACMALLSLHLFYKK	TNYLFSPNGPIARAW	15	1.65		pKd	7.154902	pepbench_ppi_ba+rcsb_seq_search	full_pdbs/2BBA.pdb	P	A		receptor_window_overlap=1.200
PA_4K0U_B	4K0U	KNTASRSAASVPANEQISQLASLVAASKYLRVQCERSDLPDDGTILKTAVNVAVQKGWDTGRYQSLPQLSENLYQGLLKDGTPKATQCSSFNRTMTPFLDAMRTVR	RTFRQVQSSISDFYD	15	2.15		pKd	7.259637	pepbench_ppi_ba+rcsb_seq_search	full_pdbs/4K0U.pdb	B	A		receptor_window_overlap=1.500
PA_4CY1_C	4CY1	MGATQSKPTPVKPNYALKFTLAGHTKAVSSVKFSPNGEWLASSSADKLIKIWGAYDGKFEKTISGHKLGISDVAWSSDSNLLVSASDDKTLKIWDVSSGKCLKTLKGHSNYVFCCNFNPQSNLIVSGSFDESVRIWDVKTGKCLKTLPAHSDPVSAVHFNRDGSLIVSSSYDGLCRIWDTASGQCLKTLIDDDNPPVSFVKFSPNGKYILAATLDNTLKLWDYSKGKCLKTYTGHKNEKYCIFANFSVTGGKWIVSGSEDNLVYIWNLQTKEIVQKLQGHTDVVISTACHPTENIIASAALENDKTIKLWKSDCGA	DGTCVAARTRPVLSY	15	1.5		pKd	6.742321	pepbench_ppi_ba+rcsb_seq_search	full_pdbs/4CY1.pdb	C	B		receptor_window_overlap=1.111
PA_3H1Z_P	3H1Z	MGSSHHHHHHSSGLVPRGSHMASGMAPGGYVAPKAVWLPAVKAKGLEISGTFTHRQGHIYMEMNFTNKALQHMTDFAIQFNKNSFGVIPSTPLAIHTPLMPNQSIDVSLPLNTLGPVMKMEPLNNLQVAVKNNIDVFYFSCLIPLNVLFVEDGKMERQVFLATWKDIPNENELQFQIKECHLNADTVSSKLQNNNVYTIAKRNVEGQDMLYQSLKLTNGIWILAELRIQPGNPNYTLSLKCRAPEVSQYIYQVYDSILKN	YFPTDERSWVYSPLH	15	1.83		pKd	4.657577	pepbench_ppi_ba+rcsb_seq_search	full_pdbs/3H1Z.pdb	P	A		receptor_window_overlap=1.143
PA_2AQ9_X	2AQ9	MIDKSAFVHPTAIVEEGASIGANAHIGPFCIVGPHVEIGEGTVLKSHVVVNGHTKIGRDNEIYQFASIGEVNQDLKYAGEPTRVEIGDRNRIRESVTIHRGTVQGGGLTKVGSDNLLMINAHIAHDCTVGNRCILANNATLAGHVSVDDFAIIGGMTAVHQFCIIGAHVMVGGCSGVAQDVPPYVIAQGNHATPFGVNIEGLKRRGFSREAITAIRNAYKLIYRSGKTLDEVKPEIAELAETYPEVKAFTDFFARSTRGLIR	SSGWMLDPIAGKWSR	15	1.8		pKd	7.301030	pepbench_ppi_ba+rcsb_seq_search	full_pdbs/2AQ9.pdb	X	A		receptor_window_overlap=1.143
PA_4ODM_E	4ODM	MKVGQDKVVTIRYTLQVEGEVLDQGELSYLHGHRNLIPGLEEALEGREEGEAFQAHVPAEKAYGPHDPEGVQVVPLSAFPEDAEVVPGAQFYAQDMEGNPMPLTVVAVEGEEVTVDFNHPLAGKDLDFQVEVVKVREATPEELLHGHAHLVPK	TRYANPKMKPFIFGA	15	1.75		pKd	4.768021	pepbench_ppi_ba+rcsb_seq_search	full_pdbs/4ODM.pdb	E	D		receptor_window_overlap=0.500
PA_6F55_B	6F55	MKVPGVRVRALYDYTGQEADELSFKAGEELMKISEEDEQGWCKGRLLTGHVGLYPANYVEKVGLAAA	TKGPAPNPPPILKVW	15			pKd	4.163676	pepbench_ppi_ba+rcsb_seq_search	full_pdbs/6F55.pdb	B	A		receptor_window_overlap=2.000
PA_5J9K_C	5J9K	MSSLSRELVFLILQFLDEEKFKETVHKLEQESGFFFNMKYFEEKVHAGEWDEVEKYLSGFTKVDDNRYSMKIFFEIRKQKYLEALDRHDRAKAVDILVKDLKVFSTFNEELYKEITQLLTLENFRENEQLSKYGDTKSARSIMLIELKKLIEANPLFREKLVFPTLKASRLRTLINQSLNWQHQLCKNPRPNPDIKTLFTDHTCTPPNG	DNLIYLDLNLQDWDD	15	2.55		pKd	5.853872	pepbench_ppi_ba+rcsb_seq_search	full_pdbs/5J9K.pdb	C	B		receptor_window_overlap=1.200
