record_id	pdb_id	mutant	partner1	partner2	ddg_kcal_mol	temperature_K	cluster_id	wildtype_sequence	mutant_sequence	source	notes
SK_3BT1_RU135A_274	3BT1	RU135A	A	U	-0.2875	298.00	3BT1			skempi_v2	
SK_3BT1_KU137A_275	3BT1	KU137A	A	U	0.6739	298.00	3BT1			skempi_v2	
SK_3BT1_RU140A_276	3BT1	RU140A	A	U	0.3630	298.00	3BT1			skempi_v2	
SK_3BT1_HU141A_277	3BT1	HU141A	A	U	0.6613	298.00	3BT1			skempi_v2	
SK_3BT1_RU143A_278	3BT1	RU143A	A	U	0.4201	298.00	3BT1			skempi_v2	
SK_3BT1_LU1A_4317	3BT1	LU1A	A	U	0.3366	293.00	3BT1			skempi_v2	
SK_3BT1_RU2A_4318	3BT1	RU2A	A	U	0.0934	293.00	3BT1			skempi_v2	
SK_3BT1_MU4A_4319	3BT1	MU4A	A	U	0.0368	293.00	3BT1			skempi_v2	
SK_1A22_MA14A_1425	1A22	MA14A	A	B	0.0000	298.00	1A22			skempi_v2	
SK_1A22_HA18A_1426	1A22	HA18A	A	B	-0.4861	298.00	1A22			skempi_v2	
SK_1A22_HA21A_1427	1A22	HA21A	A	B	0.1554	298.00	1A22			skempi_v2	
SK_1A22_QA22A_1428	1A22	QA22A	A	B	-0.2197	298.00	1A22			skempi_v2	
SK_1A22_FA25A_1429	1A22	FA25A	A	B	-0.4471	298.00	1A22			skempi_v2	
SK_1A22_DA26A_1430	1A22	DA26A	A	B	-0.2112	298.00	1A22			skempi_v2	
SK_1A22_QA29A_1431	1A22	QA29A	A	B	-0.5887	298.00	1A22			skempi_v2	
SK_1A22_YA42A_1432	1A22	YA42A	A	B	0.1992	298.00	1A22			skempi_v2	
SK_1CHO_LI15G_2268	1CHO	LI15G	EFG	I	6.0004	294.00	1CHO			skempi_v2	Pr/PI
SK_1CHO_LI15A_2269	1CHO	LI15A	EFG	I	4.6997	294.00	1CHO			skempi_v2	Pr/PI
SK_1CHO_LI15S_2270	1CHO	LI15S	EFG	I	4.9172	294.00	1CHO			skempi_v2	Pr/PI
SK_1CHO_LI15C_2271	1CHO	LI15C	EFG	I	2.6055	294.00	1CHO			skempi_v2	Pr/PI
SK_1CHO_LI15V_2272	1CHO	LI15V	EFG	I	4.2139	294.00	1CHO			skempi_v2	Pr/PI
SK_1CHO_LI15T_2273	1CHO	LI15T	EFG	I	4.4222	294.00	1CHO			skempi_v2	Pr/PI
SK_1CHO_LI15P_2274	1CHO	LI15P	EFG	I	8.6790	294.00	1CHO			skempi_v2	Pr/PI
SK_1CHO_LI15I_2275	1CHO	LI15I	EFG	I	4.4165	294.00	1CHO			skempi_v2	Pr/PI
SK_1R0R_LI13G_2306	1R0R	LI13G	E	I	2.3200	294.00	1R0R			skempi_v2	Pr/PI
SK_1R0R_LI13A_2307	1R0R	LI13A	E	I	0.3102	294.00	1R0R			skempi_v2	Pr/PI
SK_1R0R_LI13S_2308	1R0R	LI13S	E	I	1.5493	294.00	1R0R			skempi_v2	Pr/PI
SK_1R0R_LI13C_2309	1R0R	LI13C	E	I	-1.3275	294.00	1R0R			skempi_v2	Pr/PI
SK_1R0R_LI13V_2310	1R0R	LI13V	E	I	2.1265	294.00	1R0R			skempi_v2	Pr/PI
SK_1R0R_LI13T_2311	1R0R	LI13T	E	I	0.1575	294.00	1R0R			skempi_v2	Pr/PI
SK_1R0R_LI13P_2312	1R0R	LI13P	E	I	7.5804	294.00	1R0R			skempi_v2	Pr/PI
SK_1R0R_LI13I_2313	1R0R	LI13I	E	I	3.2086	294.00	1R0R			skempi_v2	Pr/PI
SK_3SGB_LI12G_2325	3SGB	LI12G	E	I	4.9336	294.00	3SGB			skempi_v2	Pr/PI
SK_3SGB_LI12A_2326	3SGB	LI12A	E	I	2.9474	294.00	3SGB			skempi_v2	Pr/PI
SK_3SGB_LI12S_2327	3SGB	LI12S	E	I	4.1002	294.00	3SGB			skempi_v2	Pr/PI
SK_3SGB_LI12C_2328	3SGB	LI12C	E	I	-0.0132	294.00	3SGB			skempi_v2	Pr/PI
SK_3SGB_LI12V_2329	3SGB	LI12V	E	I	2.9919	294.00	3SGB			skempi_v2	Pr/PI
SK_3SGB_LI12T_2330	3SGB	LI12T	E	I	3.1600	294.00	3SGB			skempi_v2	Pr/PI
SK_3SGB_LI12P_2331	3SGB	LI12P	E	I	8.3279	294.00	3SGB			skempi_v2	Pr/PI
SK_3SGB_LI12I_2332	3SGB	LI12I	E	I	4.4187	294.00	3SGB			skempi_v2	Pr/PI
SK_1PPF_LI18G_2287	1PPF	LI18G	E	I	3.2864	294.00	1PPF			skempi_v2	Pr/PI
SK_1PPF_LI18A_2288	1PPF	LI18A	E	I	1.0561	294.00	1PPF			skempi_v2	Pr/PI
SK_1PPF_LI18S_2289	1PPF	LI18S	E	I	3.0488	294.00	1PPF			skempi_v2	Pr/PI
SK_1PPF_LI18C_2290	1PPF	LI18C	E	I	-0.0883	294.00	1PPF			skempi_v2	Pr/PI
SK_1PPF_LI18V_2291	1PPF	LI18V	E	I	-0.4858	294.00	1PPF			skempi_v2	Pr/PI
SK_1PPF_LI18T_2292	1PPF	LI18T	E	I	0.9027	294.00	1PPF			skempi_v2	Pr/PI
SK_1PPF_LI18P_2293	1PPF	LI18P	E	I	6.0613	294.00	1PPF			skempi_v2	Pr/PI
SK_1PPF_LI18I_2294	1PPF	LI18I	E	I	-0.7226	294.00	1PPF			skempi_v2	Pr/PI
SK_3S9D_SA18A_5319	3S9D	SA18A	A	B	-0.2113	298.15	3S9D			skempi_v2	
SK_3S9D_LA19A_5320	3S9D	LA19A	A	B	1.0099	298.15	3S9D			skempi_v2	
SK_3S9D_FA20A_5321	3S9D	FA20A	A	B	0.5186	298.15	3S9D			skempi_v2	
SK_3S9D_SA21A_5322	3S9D	SA21A	A	B	0.0000	298.15	3S9D			skempi_v2	
SK_3S9D_LA23A_5323	3S9D	LA23A	A	B	3.6817	298.15	3S9D			skempi_v2	
SK_3S9D_KA24A_5324	3S9D	KA24A	A	B	0.4934	298.15	3S9D			skempi_v2	
SK_3S9D_DA25A_5325	3S9D	DA25A	A	B	0.3802	298.15	3S9D			skempi_v2	
SK_3S9D_RA26A_5326	3S9D	RA26A	A	B	3.6817	298.15	3S9D			skempi_v2	
SK_1JTG_GA212S_843	1JTG	GA212S	A	B	-0.2676	298.00	1JTG			skempi_v2	
SK_1JTG_EA79K_844	1JTG	EA79K	A	B	4.2331	298.00	1JTG			skempi_v2	
SK_1JTG_DB49A_845	1JTG	DB49A	A	B	2.5601	298.00	1JTG			skempi_v2	
SK_1JTG_FB142A_846	1JTG	FB142A	A	B	3.3774	298.00	1JTG			skempi_v2	
SK_1JTG_DB49A_851	1JTG	DB49A	A	B	1.8133	298.00	1JTG			skempi_v2	
SK_1JTG_SA209A_867	1JTG	SA209A	A	B	1.2384	298.00	1JTG			skempi_v2	
SK_1JTG_SA105A_868	1JTG	SA105A	A	B	0.7915	298.00	1JTG			skempi_v2	
SK_1JTG_RA217A_870	1JTG	RA217A	A	B	1.3386	298.00	1JTG			skempi_v2	
SK_1AO7_DD26A_3635	1AO7	DD26A	ABC	DE	0.9785	298.00	1AO7			skempi_v2	TCR/pMHC
SK_1AO7_EA58A_3636	1AO7	EA58A	ABC	DE	-0.7194	298.00	1AO7			skempi_v2	TCR/pMHC
SK_1AO7_RD27A_3638	1AO7	RD27A	ABC	DE	0.5462	298.00	1AO7			skempi_v2	TCR/pMHC
SK_1AO7_RD27A_3639	1AO7	RD27A	ABC	DE	0.4342	298.00	1AO7			skempi_v2	TCR/pMHC
SK_1AO7_RA170A_3640	1AO7	RA170A	ABC	DE	-0.2634	298.00	1AO7			skempi_v2	TCR/pMHC
SK_1AO7_QD30L_3642	1AO7	QD30L	ABC	DE	1.8327	298.00	1AO7			skempi_v2	TCR/pMHC
SK_1AO7_LC1A_3643	1AO7	LC1A	ABC	DE	0.7006	298.00	1AO7			skempi_v2	TCR/pMHC
SK_1AO7_QD30L_3645	1AO7	QD30L	ABC	DE	1.5364	298.00	1AO7			skempi_v2	TCR/pMHC
SK_1DAN_WT40A_2044	1DAN	WT40A	HL	UT	1.5596	310.00	1DAN			skempi_v2	
SK_1DAN_ST42A_2045	1DAN	ST42A	HL	UT	-0.1316	310.00	1DAN			skempi_v2	
SK_1DAN_VT28A_2046	1DAN	VT28A	HL	UT	-0.1932	310.00	1DAN			skempi_v2	
SK_1DAN_YT46A_2047	1DAN	YT46A	HL	UT	-0.1316	310.00	1DAN			skempi_v2	
SK_1DAN_FT71A_2048	1DAN	FT71A	HL	UT	1.1493	310.00	1DAN			skempi_v2	
SK_1DAN_YT73A_2049	1DAN	YT73A	HL	UT	0.6526	310.00	1DAN			skempi_v2	
SK_1DAN_PU2A_2050	1DAN	PU2A	HL	UT	-0.1932	310.00	1DAN			skempi_v2	
SK_1DAN_YU4A_2051	1DAN	YU4A	HL	UT	0.3241	310.00	1DAN			skempi_v2	
SK_3HFM_YY20A_2146	3HFM	YY20A	HL	Y	4.8780	298.15	3HFM			skempi_v2	AB/AG
SK_3HFM_NL32A_2147	3HFM	NL32A	HL	Y	5.1094	298.15	3HFM			skempi_v2	AB/AG
SK_3HFM_KY96A_2149	3HFM	KY96A	HL	Y	6.9910	298.15	3HFM			skempi_v2	AB/AG
SK_3HFM_NL31A_2150	3HFM	NL31A	HL	Y	5.2162	298.15	3HFM			skempi_v2	AB/AG
SK_3HFM_NL31D_2152	3HFM	NL31D	HL	Y	1.3440	298.15	3HFM			skempi_v2	AB/AG
SK_3HFM_NL31E_2153	3HFM	NL31E	HL	Y	5.7097	298.15	3HFM			skempi_v2	AB/AG
SK_3HFM_YL50A_2154	3HFM	YL50A	HL	Y	4.5594	298.15	3HFM			skempi_v2	AB/AG
SK_3HFM_YL50L_2155	3HFM	YL50L	HL	Y	4.3949	298.15	3HFM			skempi_v2	AB/AG
SK_3MZG_HA33A_1742	3MZG	HA33A	A	B	0.2042	298.00	3MZG			skempi_v2	
SK_3MZG_HA33A_1743	3MZG	HA33A	A	B	0.0374	298.00	3MZG			skempi_v2	
SK_3MZG_HA33A_1744	3MZG	HA33A	A	B	0.0989	298.00	3MZG			skempi_v2	
SK_3MZG_HA33A_1745	3MZG	HA33A	A	B	0.1534	298.00	3MZG			skempi_v2	
SK_3MZG_HA33A_1746	3MZG	HA33A	A	B	0.1779	298.00	3MZG			skempi_v2	
SK_3MZG_HA33A_1747	3MZG	HA33A	A	B	0.1668	298.00	3MZG			skempi_v2	
SK_3MZG_HA46A_1748	3MZG	HA46A	A	B	0.0338	298.00	3MZG			skempi_v2	
SK_3MZG_HA46A_1749	3MZG	HA46A	A	B	0.5678	298.00	3MZG			skempi_v2	
SK_1LFD_RA7A_715	1LFD	RA7A	A	B	1.5983	298.00	1LFD			skempi_v2	
SK_1LFD_SA9K_716	1LFD	SA9K	A	B	0.8980	298.00	1LFD			skempi_v2	
SK_1LFD_LA10K_717	1LFD	LA10K	A	B	-0.5015	298.00	1LFD			skempi_v2	
SK_1LFD_NA14K_718	1LFD	NA14K	A	B	0.3974	298.00	1LFD			skempi_v2	
SK_1LFD_MA17K_719	1LFD	MA17K	A	B	-0.4012	298.00	1LFD			skempi_v2	
SK_1LFD_KA19A_720	1LFD	KA19A	A	B	1.4966	298.00	1LFD			skempi_v2	
SK_1LFD_KA35A_721	1LFD	KA35A	A	B	0.2973	298.00	1LFD			skempi_v2	
SK_1LFD_DA38A_722	1LFD	DA38A	A	B	-0.6007	298.00	1LFD			skempi_v2	
SK_1MHP_SL27Q_4905	1MHP	SL27Q	HL	A	-0.5401	298.15	1MHP			skempi_v2	AB/AG
SK_1MHP_LL48K_4907	1MHP	LL48K	HL	A	0.9249	298.15	1MHP			skempi_v2	AB/AG
SK_1MHP_TH50V_4908	1MHP	TH50V	HL	A	-0.2633	298.15	1MHP			skempi_v2	AB/AG
SK_1MHP_LH60D_4909	1MHP	LH60D	HL	A	-0.1227	298.15	1MHP			skempi_v2	AB/AG
SK_1MHP_KH64E_4910	1MHP	KH64E	HL	A	-0.1553	298.15	1MHP			skempi_v2	AB/AG
SK_1MHP_KH64Q_4911	1MHP	KH64Q	HL	A	-0.1553	298.15	1MHP			skempi_v2	AB/AG
SK_1MHP_KH64D_4912	1MHP	KH64D	HL	A	-0.1227	298.15	1MHP			skempi_v2	AB/AG
SK_1MHP_KH64N_4913	1MHP	KH64N	HL	A	-0.0726	298.15	1MHP			skempi_v2	AB/AG
SK_1JRH_TI4V_1969	1JRH	TI4V	LH	I	-0.0256	298.00	1JRH			skempi_v2	AB/AG
SK_1JRH_EI35Q_1973	1JRH	EI35Q	LH	I	0.0996	298.00	1JRH			skempi_v2	AB/AG
SK_1JRH_EL27A_1979	1JRH	EL27A	LH	I	0.5426	298.00	1JRH			skempi_v2	AB/AG
SK_1JRH_DL28A_1980	1JRH	DL28A	LH	I	0.4346	298.00	1JRH			skempi_v2	AB/AG
SK_1JRH_YL30A_1981	1JRH	YL30A	LH	I	1.1083	298.00	1JRH			skempi_v2	AB/AG
SK_1JRH_YL91A_1982	1JRH	YL91A	LH	I	0.5808	298.00	1JRH			skempi_v2	AB/AG
SK_1JRH_WL92A_1983	1JRH	WL92A	LH	I	2.8181	298.00	1JRH			skempi_v2	AB/AG
SK_1JRH_SL93A_1984	1JRH	SL93A	LH	I	-0.6505	298.00	1JRH			skempi_v2	AB/AG
SK_1OGA_DE28A_3525	1OGA	DE28A	ABC	DE	1.5723	298.00	1OGA			skempi_v2	TCR/pMHC
SK_1OGA_DE28S_3526	1OGA	DE28S	ABC	DE	2.1611	298.00	1OGA			skempi_v2	TCR/pMHC
SK_1OGA_QE48A_3527	1OGA	QE48A	ABC	DE	2.1611	298.00	1OGA			skempi_v2	TCR/pMHC
SK_1OGA_QE48E_3528	1OGA	QE48E	ABC	DE	2.1611	298.00	1OGA			skempi_v2	TCR/pMHC
SK_1OGA_IE49A_3529	1OGA	IE49A	ABC	DE	2.1611	298.00	1OGA			skempi_v2	TCR/pMHC
SK_1OGA_IE49G_3530	1OGA	IE49G	ABC	DE	2.1611	298.00	1OGA			skempi_v2	TCR/pMHC
SK_1OGA_IE49N_3531	1OGA	IE49N	ABC	DE	2.1611	298.00	1OGA			skempi_v2	TCR/pMHC
SK_1OGA_IE49V_3532	1OGA	IE49V	ABC	DE	0.2009	298.00	1OGA			skempi_v2	TCR/pMHC
SK_1VFB_HA30A_347	1VFB	HA30A	AB	C	0.8448	298.00	1VFB			skempi_v2	AB/AG
SK_1VFB_YA32A_348	1VFB	YA32A	AB	C	1.3392	298.00	1VFB			skempi_v2	AB/AG
SK_1VFB_YA49A_349	1VFB	YA49A	AB	C	0.7975	298.00	1VFB			skempi_v2	AB/AG
SK_1VFB_YA50A_350	1VFB	YA50A	AB	C	0.3878	298.00	1VFB			skempi_v2	AB/AG
SK_1VFB_WA92A_351	1VFB	WA92A	AB	C	2.7268	298.00	1VFB			skempi_v2	AB/AG
SK_1VFB_SA93A_352	1VFB	SA93A	AB	C	0.3431	298.00	1VFB			skempi_v2	AB/AG
SK_1VFB_TB30A_353	1VFB	TB30A	AB	C	-0.0558	298.00	1VFB			skempi_v2	AB/AG
SK_1VFB_YB32A_354	1VFB	YB32A	AB	C	0.4601	298.00	1VFB			skempi_v2	AB/AG
SK_1GC1_KC1A_1902	1GC1	KC1A	G	C	0.0624	298.15	1GC1			skempi_v2	
SK_1GC1_KC2A_1903	1GC1	KC2A	G	C	-0.0167	298.15	1GC1			skempi_v2	
SK_1GC1_KC7A_1904	1GC1	KC7A	G	C	0.9978	298.15	1GC1			skempi_v2	
SK_1GC1_KC8A_1905	1GC1	KC8A	G	C	0.1053	298.15	1GC1			skempi_v2	
SK_1GC1_DC10A_1906	1GC1	DC10A	G	C	0.0000	298.15	1GC1			skempi_v2	
SK_1GC1_TC11A_1907	1GC1	TC11A	G	C	0.0000	298.15	1GC1			skempi_v2	
SK_1GC1_TC15A_1909	1GC1	TC15A	G	C	0.3221	298.15	1GC1			skempi_v2	
SK_1GC1_TC17A_1910	1GC1	TC17A	G	C	-0.1281	298.15	1GC1			skempi_v2	
SK_1BP3_FA10A_1684	1BP3	FA10A	A	B	0.0000	298.15	1BP3			skempi_v2	
SK_1BP3_NA12A_1685	1BP3	NA12A	A	B	-0.2967	298.15	1BP3			skempi_v2	
SK_1BP3_LA15A_1686	1BP3	LA15A	A	B	0.0000	298.15	1BP3			skempi_v2	
SK_1BP3_RA16A_1687	1BP3	RA16A	A	B	0.0000	298.15	1BP3			skempi_v2	
SK_1BP3_HA18A_1688	1BP3	HA18A	A	B	2.9120	298.15	1BP3			skempi_v2	
SK_1BP3_RA19A_1689	1BP3	RA19A	A	B	0.0000	298.15	1BP3			skempi_v2	
SK_1BP3_HA21A_1690	1BP3	HA21A	A	B	2.6717	298.15	1BP3			skempi_v2	
SK_1BP3_FA25A_1691	1BP3	FA25A	A	B	1.1502	298.15	1BP3			skempi_v2	
SK_1BRS_KA25A_104	1BRS	KA25A	A	D	5.3780	298.00	1BRS			skempi_v2	
SK_1BRS_RA57A_105	1BRS	RA57A	A	D	5.2425	298.00	1BRS			skempi_v2	
SK_1BRS_RA81Q_106	1BRS	RA81Q	A	D	5.4170	298.00	1BRS			skempi_v2	
SK_1BRS_RA85A_107	1BRS	RA85A	A	D	5.5616	298.00	1BRS			skempi_v2	
SK_1BRS_HA100A_108	1BRS	HA100A	A	D	6.1424	298.00	1BRS			skempi_v2	
SK_1BRS_YD29F_109	1BRS	YD29F	A	D	-0.1321	298.00	1BRS			skempi_v2	
SK_1BRS_YD29A_110	1BRS	YD29A	A	D	3.4686	298.00	1BRS			skempi_v2	
SK_1BRS_DD35A_111	1BRS	DD35A	A	D	4.5007	298.00	1BRS			skempi_v2	
SK_1C4Z_SD1A_5690	1C4Z	SD1A	ABC	D	0.5661	298.15	1C4Z			skempi_v2	
SK_1C4Z_RD2A_5691	1C4Z	RD2A	ABC	D	0.5186	298.15	1C4Z			skempi_v2	
SK_1C4Z_RD2E_5692	1C4Z	RD2E	ABC	D	1.2884	298.15	1C4Z			skempi_v2	
SK_1C4Z_RD3A_5693	1C4Z	RD3A	ABC	D	0.4671	298.15	1C4Z			skempi_v2	
SK_1C4Z_RD3E_5694	1C4Z	RD3E	ABC	D	1.1857	298.15	1C4Z			skempi_v2	
SK_1C4Z_KD6A_5695	1C4Z	KD6A	ABC	D	0.6100	298.15	1C4Z			skempi_v2	
SK_1C4Z_KD6E_5696	1C4Z	KD6E	ABC	D	1.5549	298.15	1C4Z			skempi_v2	
SK_1C4Z_ND28A_5697	1C4Z	ND28A	ABC	D	-0.1784	298.15	1C4Z			skempi_v2	
SK_4G0N_RB6A_6479	4G0N	RB6A	A	B	1.7000	308.00	4G0N			skempi_v2	
SK_4G0N_NB11A_6480	4G0N	NB11A	A	B	0.1004	308.00	4G0N			skempi_v2	
SK_4G0N_QB13A_6481	4G0N	QB13A	A	B	1.7000	308.00	4G0N			skempi_v2	
SK_4G0N_RB14A_6482	4G0N	RB14A	A	B	2.0012	308.00	4G0N			skempi_v2	
SK_4G0N_TB15A_6483	4G0N	TB15A	A	B	1.5005	308.00	4G0N			skempi_v2	
SK_4G0N_VB16A_6484	4G0N	VB16A	A	B	1.0000	308.00	4G0N			skempi_v2	
SK_4G0N_KB31A_6485	4G0N	KB31A	A	B	2.2000	308.00	4G0N			skempi_v2	
SK_4G0N_VB35A_6486	4G0N	VB35A	A	B	0.1004	308.00	4G0N			skempi_v2	
SK_1EMV_RB54A_480	1EMV	RB54A	A	B	1.6655	298.00	1EMV			skempi_v2	
SK_1EMV_NB72A_481	1EMV	NB72A	A	B	1.1645	298.00	1EMV			skempi_v2	
SK_1EMV_SB74A_482	1EMV	SB74A	A	B	-0.2410	298.00	1EMV			skempi_v2	
SK_1EMV_NB75A_483	1EMV	NB75A	A	B	2.3343	298.00	1EMV			skempi_v2	
SK_1EMV_SB77A_484	1EMV	SB77A	A	B	-0.2329	298.00	1EMV			skempi_v2	
SK_1EMV_SB78A_485	1EMV	SB78A	A	B	-0.5398	298.00	1EMV			skempi_v2	
SK_1EMV_SB84A_486	1EMV	SB84A	A	B	-0.1094	298.00	1EMV			skempi_v2	
SK_1EMV_FB86A_487	1EMV	FB86A	A	B	3.8785	298.00	1EMV			skempi_v2	
SK_2WPT_DA30L_410	2WPT	DA30L	A	B	-3.4015	298.00	2WPT			skempi_v2	
SK_2WPT_NA31V_411	2WPT	NA31V	A	B	-0.8966	298.00	2WPT			skempi_v2	
SK_2WPT_RA35T_412	2WPT	RA35T	A	B	-1.0377	298.00	2WPT			skempi_v2	
SK_2WPT_EA36H_413	2WPT	EA36H	A	B	0.0382	298.00	2WPT			skempi_v2	
SK_2WPT_RA39E_414	2WPT	RA39E	A	B	-0.3722	298.00	2WPT			skempi_v2	
SK_2WPT_EA27A_419	2WPT	EA27A	A	B	1.7330	298.00	2WPT			skempi_v2	
SK_2WPT_DA30A_420	2WPT	DA30A	A	B	-0.1321	298.00	2WPT			skempi_v2	
SK_2WPT_NA31A_421	2WPT	NA31A	A	B	-0.3797	298.00	2WPT			skempi_v2	
SK_1CBW_TI11A_1297	1CBW	TI11A	FGH	I	0.1978	295.00	1CBW			skempi_v2	Pr/PI
SK_1CBW_GI12A_1298	1CBW	GI12A	FGH	I	0.5952	295.00	1CBW			skempi_v2	Pr/PI
SK_1CBW_PI13A_1299	1CBW	PI13A	FGH	I	-0.0987	295.00	1CBW			skempi_v2	Pr/PI
SK_1CBW_KI15A_1300	1CBW	KI15A	FGH	I	1.9811	295.00	1CBW			skempi_v2	Pr/PI
SK_1CBW_RI17A_1301	1CBW	RI17A	FGH	I	0.4961	295.00	1CBW			skempi_v2	Pr/PI
SK_1CBW_II19A_1302	1CBW	II19A	FGH	I	0.0986	295.00	1CBW			skempi_v2	Pr/PI
SK_1CBW_RI20A_1303	1CBW	RI20A	FGH	I	0.2978	295.00	1CBW			skempi_v2	Pr/PI
SK_1CBW_VI34A_1304	1CBW	VI34A	FGH	I	0.0000	295.00	1CBW			skempi_v2	Pr/PI
